hru_id,max_flow_length,max_elevation,min_elevation,mean_elevation,area
01013500,129649.25986354143,608.0179,152.6389,273.19476,2303990335.01038
01022500,70855.7832890916,449.04025,14.6943865,102.60144,620386518.1415288
01030500,150280.7547036816,743.8463,67.12007,171.95782,3676157917.1497693
01031500,72803.1712040324,801.2664,109.70256,300.1852,766545285.7927291
01047000,74305.98867287397,1289.0908,92.609436,375.26627,904955936.8175663
01052500,45136.94232020794,1106.2444,379.7518,644.3888,396111327.22138244
01054200,32123.32174396703,1469.7662,207.05629,623.9179,181328680.40444648
01055000,35979.05881717987,1144.2289,180.03548,565.23083,251161799.8249374
01057000,28829.341242207127,737.85974,122.01141,280.54056,197698748.87620774
01073000,15919.444844610322,117.08844,19.562431,58.65757,32114598.296772674
01078000,44896.69366164026,856.40076,134.72635,359.86548,221863848.5381382
01118300,9371.0889356914,160.84955,27.73742,90.6092,13706637.825378211
01121000,24756.567455975903,384.6036,64.785355,182.874,94700643.2466052
01123000,27042.668039688662,247.57845,55.786472,148.68576,84210905.67635238
01134500,32649.483349082006,1047.7405,322.04355,536.0921,209508082.5625906
01137500,42195.05771486633,1911.7825,346.10867,739.0828,238325533.77077094
01139000,40875.908306971935,1022.7755,122.83544,414.56223,259504975.79504532
01139800,11973.335233857162,737.617,318.17355,541.9638,24916539.287845124
01142500,18307.71253697276,708.4379,191.03352,401.4822,79908184.4781385
01144000,91866.56062847501,1150.8951,111.47178,443.81613,1780687798.4609509
01162500,22938.341591716475,578.45013,257.51202,337.2557,77930053.5129279
01169000,37760.48827850033,703.04565,133.29329,429.0882,233886645.96603644
01170100,32636.537204870125,734.761,123.11949,407.57764,109261516.07608622
01181000,40677.56563490698,679.6609,107.1012,430.8839,245720461.9756708
01187300,18073.173570827297,496.27048,160.91455,385.56677,54220812.721391514
01195100,10306.81097397471,145.93147,0.5489876,62.502052,15956114.37035384
01333000,24972.26716081866,1061.6418,179.79787,472.56592,111501881.01833378
01350000,53065.337463057134,1228.352,343.5795,650.7343,614258760.3308711
01350080,21242.355443100016,1041.0709,342.78326,585.12006,89575078.64740312
01350140,17231.839001612185,853.95996,267.38788,563.3808,47570468.56374918
01365000,22832.44865761502,1164.4497,257.3553,622.71265,102568079.00848085
01411300,20330.631495601618,31.415726,-0.017088752,16.676773,79369665.16873874
01413500,35025.06703766963,1179.4374,391.87128,663.75415,434003174.7802021
01414500,20921.127304589798,1133.3945,383.78,706.4904,67077112.67833795
01415000,18039.999678428238,1017.4362,389.99234,610.2406,86684251.18248689
01423000,82128.23643519363,1019.43933,361.39624,591.82635,861797983.4283909
01434025,5659.461648592317,1123.7278,621.4117,868.8942,9896307.587009028
01435000,35249.82084233608,1274.3812,438.529,757.1325,183309236.4769038
01439500,52502.10305413084,626.5178,124.21465,383.0301,306094098.0193453
01440000,45394.52771735238,498.75653,98.50508,272.81967,171566389.097308
01440400,31247.13926983459,664.7759,178.92079,422.8665,178980582.25726682
01451800,35951.208152757266,476.5946,105.15495,202.13344,149110948.68856654
01466500,7728.600701472852,61.08091,33.751087,43.622047,6248759.948611761
01484100,5561.3179424556065,20.11284,11.052278,16.297564,9657202.75860519
01485500,18398.925602072453,27.483389,3.9759154,13.105036,112983700.13288462
01486000,8406.2904398714,13.870572,0.40891153,7.7149754,15994288.70716993
01487000,23556.749685385035,22.395184,5.3083405,14.637065,187185862.2161589
01491000,35059.20215911055,56.823868,1.4356638,17.36301,291804973.03364646
01510000,55149.269460180345,652.2407,315.05817,484.89038,382931776.3505945
01516500,12201.472999192702,746.6395,408.73233,535.2439,31559446.5855947
01518862,27533.244647572887,782.20337,0.0,597.8737,234488726.2881088
01532000,56483.34249262285,739.444,228.93945,487.13458,556694256.0880284
01539000,58778.15156465065,787.7245,164.98679,402.6625,705233497.1545776
01542810,8095.43230060499,742.14606,384.8111,563.6066,13578323.762438552
01543000,57909.20087603236,745.582,272.49307,531.88226,704485166.463993
01543500,83696.04808538708,745.582,234.14154,523.50214,1778995926.2170033
01544500,41831.68119978513,759.8462,308.07355,575.8099,363084106.86139566
01545600,24843.87186393435,692.51276,215.58609,551.99445,123626241.99145718
01547700,30947.838771317103,673.12665,177.20491,395.77774,115192554.97613859
01548500,94228.75596480128,787.6239,237.92679,572.184,1558002864.7451782
01549500,27487.987497621143,717.0835,315.18225,538.889,98914959.80667286
01550000,42142.07403658886,732.0244,209.69725,525.4396,456323735.4039415
01552000,101239.68698876727,750.9993,178.60011,509.48026,1129569383.1607885
01552500,20871.200336576498,741.23114,291.3511,558.3754,62057795.69867691
01557500,21324.148162164376,775.9522,275.77908,490.30777,117782267.50811343
01567500,14455.03467027277,609.01807,181.12863,274.01007,39503676.408881105
01568000,77289.57693331149,688.49133,126.128136,305.9682,536402947.6508148
01580000,50223.40207726589,325.53275,73.73798,196.00323,246967957.21935076
01583500,33461.33368879378,276.75635,72.16547,166.47871,163426590.61142188
01586610,18201.456001037724,295.8184,127.661194,218.37521,72809198.5374055
01591400,15655.687626162973,239.29861,114.2757,170.57715,59609855.86751519
01594950,5204.941166979076,979.6588,743.6256,845.723,6104740.915372796
01596500,35316.85391047398,923.02057,473.81046,752.26447,127509646.50722587
01605500,49829.82012272214,1393.1239,502.4819,866.37726,474381163.85447466
01606500,112019.74500501236,1482.3236,292.63272,838.14984,1686630848.8885598
01613050,9669.791261031329,713.33203,209.2721,379.64804,27962017.644487124
01620500,18277.27082051611,1323.3438,615.2199,907.8467,61339489.72278073
01632000,50304.443026889414,1230.5739,320.16574,601.1796,547286351.6660023
01632900,55106.40786624705,995.4242,267.46585,421.50552,249206753.86650205
01634500,46412.17895569206,950.66,197.99113,420.0879,264494772.03226236
01638480,49577.73903808293,511.98355,74.877815,171.2221,233835915.70485383
01639500,50410.68828156892,338.19324,102.03287,195.9253,267173716.44288284
01644000,74747.71736448989,671.25116,75.134705,185.22572,859602716.2993999
01658500,10838.431251420261,129.56836,65.27632,103.07687,23693549.233120203
01664000,86771.23879961409,1219.7289,77.51958,238.61949,1604664353.6886337
01666500,58493.49909153498,1228.6433,85.65636,266.4981,466183812.0847658
01667500,102056.96128592482,1228.6433,73.06468,264.67868,1210773297.6124766
01669000,21057.980716943355,57.441135,-0.33359414,37.229305,75314431.10769121
01669520,48755.86156982707,72.46105,7.439332,33.22927,277684184.9523941
02011400,69764.70677486526,1335.2896,482.93228,811.3247,409888236.9290388
02011460,53319.83358243247,1382.3334,543.57153,893.938,235864158.93978763
02013000,58300.159954516166,1167.7445,375.9633,689.81995,436140074.57489926
02014000,78662.0679976893,1227.3313,388.2803,732.3919,397256926.4372015
02015700,43599.509469626035,1335.146,485.60275,796.98505,286336169.2993969
02016000,146790.15169945426,1335.146,305.5641,658.2551,1194938168.6893034
02017500,67593.7952943539,1328.3514,381.00525,702.02637,285794614.71225566
02018000,130858.10577383894,1328.3514,302.2076,635.9775,852551559.3151674
02027000,42482.16819978455,1239.3407,174.33554,549.2633,241316235.60225362
02027500,32108.418129362406,1235.863,184.0479,629.02313,127874625.37041353
02028500,26720.158904819895,1205.0997,160.53423,403.15634,246196408.79647958
02038850,12111.995968156049,282.71692,134.7886,201.02878,23801641.199831888
02046000,48533.48391648001,133.29314,40.50814,85.771416,290882905.9119152
02051000,22151.565095418537,200.49736,103.55351,157.2669,145105857.54778963
02051500,122929.17482797145,200.49736,42.6811,122.10756,1432430795.223778
02053200,71723.59340909225,45.512447,1.9210409,21.856878,581612856.3747976
02053800,37290.343490150175,1195.6611,403.03827,703.99225,288525088.64501965
02055100,10621.093037945182,770.5266,357.5631,436.4537,33335295.604728736
02056900,69759.16906141929,1076.7145,266.80203,465.74954,299463921.22961724
02059500,61804.9600294434,841.1659,180.58821,334.30582,486467038.41695964
02064000,44189.98614549685,434.49338,125.97823,211.79152,427987427.648794
02065500,40723.83346846523,273.6224,113.60404,184.24341,252752976.91555583
02069700,49288.96562607298,965.43384,250.0964,445.8911,228684560.76380268
02070000,48947.03281917312,874.49854,222.43839,331.47113,279273998.35110825
02074500,40764.5332534262,363.5078,139.08765,243.74718,288798203.75373906
02077200,31357.279176415745,234.47716,126.5927,186.41478,126344566.80600415
02081500,56319.57336216155,225.27419,85.917984,148.64943,432828351.0393305
02082950,65427.93710585792,142.9204,37.104187,83.40806,461930898.46452516
02092500,58117.26646602201,50.26979,7.556222,24.244705,435179800.5861766
02096846,8180.551693652934,240.53084,155.2079,196.04709,19580358.465498183
02102908,11289.512887114177,159.112,56.616226,100.765656,20061637.329317257
02108000,100774.52390410563,63.29437,6.8661733,34.08113,1566837728.068825
02111180,38118.93680289973,1256.1947,325.4122,629.1946,130872424.27849367
02111500,42473.20422567102,1135.6373,298.18063,556.4301,233353173.59178323
02112120,37091.94293474533,1186.74,294.90436,528.64307,329794450.9613135
02112360,39649.52032019448,1025.7144,283.22488,477.14124,206820404.2013553
02118500,56259.535358995236,704.8413,224.83136,357.72305,400533966.2300145
02125000,23479.16814941987,243.97012,131.26808,193.14833,145076981.5546441
02128000,53624.89611965221,312.30423,124.842384,208.11266,271998558.2368319
02137727,38479.2500250687,1721.5454,376.93445,649.4582,329306248.616435
02140991,59557.49188652167,1806.8748,305.4585,624.1497,522118007.62768006
02143000,59130.49885369952,908.60333,268.6836,442.6051,222109232.05661318
02143040,22969.815505229886,882.3261,332.3211,544.5897,68188830.56883764
02149000,36532.397963280426,1098.1974,250.24626,472.00018,203730108.29817525
02152100,39145.28300532604,908.465,273.79517,466.2616,156680666.96749228
02177000,80841.41355746736,1491.26,346.28207,759.44006,527239301.53815514
02178400,25009.92866442098,1672.9381,568.39624,884.6839,152126366.64521807
02193340,20916.262851362088,213.01431,127.58192,172.17604,89611792.01037407
02196000,79153.7544435828,208.33542,60.646408,142.2446,1408726434.1365435
02198100,20996.106014752386,118.07307,57.490387,82.49697,79750274.99297003
02202600,62834.223137070985,73.70136,6.6357183,34.702496,623356094.3722615
02212600,28522.602432416505,217.62758,112.323326,159.91238,189796769.038633
02215100,54236.0451153299,165.65475,65.13124,114.26263,425518704.8161849
02216180,34635.48125437182,116.80689,53.456455,83.4362,128082794.35085413
02221525,58998.3456268082,245.25764,113.26826,176.68704,493289819.82756275
02231000,84439.75503297217,57.610233,12.722267,38.648933,1857393645.741977
02231342,22305.11143331391,22.81962,10.332944,19.466675,193785013.6129441
02235200,41175.13982091968,56.22939,6.8832493,20.004728,300679464.5519243
02245500,33838.000382798986,82.33207,4.3898907,36.580738,351112604.64196813
02246000,47949.070281109045,101.3919,1.3292441,33.18271,451228343.9977717
02296500,67172.78451356593,56.40283,7.8102765,26.678852,892252870.9800725
02297155,25733.772759672556,58.164803,15.903878,35.745308,97922141.86562073
02297310,73181.7797747055,58.164803,3.3029804,23.925968,537076756.9661306
02298123,47714.79224519399,56.537952,6.8347483,19.786339,541304530.4695343
02298608,29909.658651381666,48.373363,8.432965,21.84601,313855653.60959136
02299950,33887.8302059685,62.08149,13.335429,33.152008,176805464.20860726
02300700,23933.548197043998,68.03391,2.3185694,23.438099,85852493.27852176
02310947,74943.02188507208,57.196434,24.083248,35.802406,581560985.1944057
02312200,58361.963597930575,46.809196,13.506414,27.836555,466717199.65536976
02314500,124291.03536372639,63.841248,28.70561,41.790333,2808505076.980471
02315500,208877.7823083754,67.671036,15.968212,42.02619,5915743713.770003
02324400,31443.703372123487,30.564756,15.717306,27.386889,210247326.17882496
02327100,46626.76439829425,39.29707,1.27211,21.240791,299937479.757125
02342933,33456.89674242421,210.53621,62.913353,110.411095,290045196.50061905
02349900,24448.003413484414,153.02538,87.191376,118.49744,124290454.94769223
02350900,109651.01011332615,229.67491,67.64094,138.66682,1365619656.408869
02361000,99901.25303243549,194.05309,44.38872,114.14226,1779331479.4065475
02363000,93185.21813931811,211.20811,76.149765,132.63982,1292633142.4828403
02369800,31092.805123220256,103.2031,37.7214,69.849556,231140102.4431277
02371500,123407.19431896947,205.06691,70.713295,127.811264,1257445651.3200538
02372250,98053.06408012494,206.92598,68.47301,123.7432,1145580411.9272816
02374500,51792.47945601593,175.28629,54.508373,108.38612,458237482.97977376
02381600,6689.018322789844,705.81976,401.2681,487.01294,10331966.691876076
02384540,16349.037532075145,1126.2523,249.05836,652.35834,22128520.78957424
02395120,19251.994109365947,336.95697,220.3354,265.89206,85273692.88999067
02408540,88177.6234322637,581.11316,113.93126,249.97403,683870074.9448738
02415000,55326.52181819799,475.82034,171.36867,279.71024,491752166.4227105
02422500,66113.64502977727,252.89894,50.589993,143.16722,599963901.8019599
02427250,62001.32272129522,175.65538,40.018147,90.622635,680652655.2295282
02430085,10982.851133697166,198.6773,111.23782,147.54587,40728166.603989415
02430615,9919.471003303457,171.06651,93.64003,124.973274,32519551.65156646
02450250,33219.05922955705,327.8096,164.37933,251.23494,242698552.38004908
02464000,76469.37560277802,236.78656,71.6079,147.26466,581796850.3056235
02464146,7012.155897951565,188.21936,83.83761,141.62704,15843566.405953007
02464360,22008.83779210189,178.53954,71.47946,113.58897,148988936.99930295
02465493,28447.472763368143,179.21492,41.34758,99.962776,86620617.61838874
02469800,49689.65002213853,157.48003,14.183918,69.25625,422890928.3906702
02472000,106865.50407295187,193.73993,61.38,118.45112,1927710246.368856
02472500,98443.99016658106,169.96469,48.147114,110.89887,789463588.1079859
02479155,23930.723913771486,101.00648,33.31854,67.97673,138175280.77128398
02479300,131123.89214103695,120.53103,6.846746,63.21375,1153441295.7388792
02479560,132714.24664110088,110.62876,15.298642,62.327396,1455861730.8700686
02481000,53889.314429365935,110.911804,5.0637665,48.627586,250493339.36012003
02481510,108187.81813189936,127.22033,4.696977,66.64356,801499092.2842877
03010655,36116.224173975475,766.51385,445.27133,618.82776,255123678.1592084
03011800,28067.36918581913,704.7291,471.50305,625.30695,101159001.70823632
03015500,74036.50017246458,603.77325,361.62695,487.8699,831402874.5301481
03021350,51917.141621808005,570.10364,392.6685,484.9144,249007572.82302713
03026500,10589.694243008174,705.07666,514.33997,630.3538,20326396.47405595
03028000,23823.97830159046,708.23456,453.86548,596.8089,166218907.3923117
03049000,53393.81808211715,476.18927,243.12596,380.16785,356450430.827703
03049800,9409.979255243372,408.47073,228.05646,334.87564,15995835.036861865
03050000,67870.75107086697,1452.1321,592.30725,863.9139,489500307.6851318
03066000,39472.57711541939,1328.8906,932.08716,1021.9881,225236282.51163003
03069500,158305.68685784336,1477.8032,483.20734,995.241,1853222051.9408724
03070500,44422.02546995957,943.28955,396.00043,601.77783,518452835.28888243
03076600,30128.66406105034,916.1925,445.0633,750.4775,128328730.50551459
03078000,35092.64590548121,946.9226,635.9497,788.9018,165173938.57321227
03140000,17927.63928900909,391.00766,238.9389,304.52692,71312411.83063596
03144000,56551.59009137082,381.91135,227.8844,304.1963,365107462.83676755
03159540,62746.248317098296,312.75507,178.48688,243.5012,400875137.71917105
03161000,125033.6148611521,1699.9144,807.1025,1024.6584,533647638.37159103
03164000,245510.36596581124,1745.5605,668.5106,955.1611,2963768735.3393483
03165000,34053.03842648728,1082.2452,694.3774,803.10425,117503453.3123867
03170000,115971.60947467457,1080.5087,551.2395,760.71936,800071299.5484382
03173000,115539.69892490559,1245.6793,504.27563,783.03906,775858833.7869353
03180500,38370.22423828013,1411.8677,817.52594,1056.9851,346490483.84294474
03182500,118544.0955838293,1477.8092,636.58606,945.0512,1364880586.6768048
03186500,57991.89963916153,1430.9446,667.8101,1069.5969,332118985.1348235
03187500,49896.73871671083,1405.0575,650.05554,1079.6792,207997445.94680575
03213700,177738.41587885807,1042.2021,189.79337,538.9113,2431414738.361362
03237280,14187.15005706834,393.81195,150.4658,295.1985,33221564.11604867
03237500,86634.42549989416,408.33118,155.01251,272.0561,1001430280.2161832
03238500,78685.14921728363,364.94333,174.68427,298.51202,564171342.8412577
03241500,41241.41807240532,354.13333,258.40762,325.3851,173481714.48538128
03280700,31557.75652663228,734.832,266.37836,473.0729,158564141.33593237
03281100,40942.18786613276,680.2393,251.69945,376.24713,425258597.71822464
03281500,132152.1060261153,718.2251,196.97906,367.4323,1836746230.874065
03285000,85405.54837255435,467.7303,178.05396,311.0992,823302385.3005505
03291780,22388.00425030064,308.13873,179.23946,275.40366,71524443.10457262
03300400,153886.01689586107,411.9046,164.75928,249.97847,1128562974.8235352
03338780,67148.19352791413,268.88913,185.03354,218.37823,691777648.8988842
03340800,64944.7487156323,298.56598,207.6926,263.42603,363411078.32195246
03346000,87814.62531477942,254.30116,140.38135,182.29428,828748576.740154
03357350,14559.289350734285,290.0828,220.81985,265.7939,26112261.57497239
03364500,63163.9493769519,331.83316,203.03998,284.57675,242417088.57831553
03366500,96129.27016121012,310.43597,165.72823,245.67989,762707133.9741219
03368000,16309.383426352833,282.5791,217.98976,258.67456,32490814.701174315
03384450,24901.233699279575,323.6711,111.6949,194.16641,112284237.02486888
03439000,30840.387913625098,1826.3192,662.26196,964.0502,178185989.23958102
03450000,6418.694631878098,1725.2872,817.5061,1243.9292,14130863.530424617
03455500,17314.28780311118,1951.1815,906.0056,1457.4863,71469749.53746006
03456500,35824.46300884209,1892.2399,805.64374,1234.6844,137328916.25035688
03460000,19776.900583009327,1875.1476,747.0952,1213.172,127619658.90288481
03463300,25584.310935676833,2034.3192,807.5394,1189.0724,113159675.68442917
03471500,39134.297339522214,1416.1545,640.95966,910.9528,198295134.70594257
03473000,57666.89783164401,1746.0874,541.80835,899.1699,784362036.1626463
03479000,34960.6302758453,1804.5931,788.67267,1035.5896,237773433.64580843
03488000,89108.17770582833,1434.7373,517.3046,803.7167,573763752.9169949
03498500,78221.52960706988,2022.4302,258.37854,629.2464,700370072.4165162
03500000,48022.4665882473,1588.1072,611.9595,848.8407,362473705.58819056
03500240,25942.37403342332,1654.6545,579.7043,868.90216,148940356.68497026
03504000,28105.072375328295,1670.9816,937.1573,1211.407,134558855.10837442
03574500,88998.15713495658,580.0201,175.78796,376.13477,859238458.4879411
03592718,13969.476141149675,245.29836,127.36401,162.52637,67002250.98236417
03604000,118848.1794379053,329.98938,157.13081,265.96866,1163372449.533906
04015330,50370.15155778262,559.16425,183.76944,374.24167,225840469.61895254
04024430,104388.32665364811,412.438,184.30894,325.11154,1094572884.485616
04027000,100096.93754618027,571.3023,204.30855,397.466,1547178321.8815014
04040500,57400.60462607099,577.6589,365.1611,490.5599,421659769.9865158
04043050,26859.19585768069,455.0631,191.20415,288.2811,76658241.04544891
04045500,112202.20214020777,361.65262,213.99611,243.22037,1967479116.3320875
04056500,125569.02049545989,362.20184,187.53098,237.12645,2984080229.78885
04057510,87784.24440764588,306.05426,181.89078,239.16821,491769676.965239
04057800,27991.973306246593,553.8796,462.5441,501.6476,121984621.90954396
04059500,170702.53250890717,488.47238,198.7705,327.85828,1188841191.3349338
04063700,71519.35959898235,538.27435,420.41968,471.12436,371324050.9864146
04074950,124026.36591091707,590.2817,378.58023,486.3292,1216320977.495547
04105700,29432.142978635093,310.63773,239.39172,279.2667,100886047.74242441
04115265,22642.3569189336,318.73407,241.26024,277.51642,96122046.81658258
04122200,109782.88631073512,384.20035,180.59225,255.04616,1022764513.69053
04122500,118445.33168491021,427.91257,181.61882,271.0639,1800670162.0326385
04124000,215565.90190856787,500.4626,248.8366,355.82285,2288776569.4875507
04127918,61029.53957659407,314.006,183.5768,240.28998,602484515.5501616
04127997,48688.00963636836,473.25705,227.97662,330.7392,504198407.694957
04161580,20577.020908241615,366.49908,259.04025,305.03665,66551066.76716418
04185000,123042.04289026573,387.25494,210.95547,262.89056,1064235965.1685942
04196800,79804.64153554122,308.15424,239.3126,273.4553,608087124.3304023
04197100,48637.485306678405,348.9877,249.16763,289.93057,388907994.24038184
04197170,33690.31387600846,297.31387,220.59683,264.9788,95972577.90740125
04213000,97034.20570142345,417.9712,185.33371,307.57272,466141834.16729665
04213075,9280.209530614273,301.27798,212.99135,272.56604,11944886.189976621
04216418,39387.69283199602,638.7279,290.42624,468.84457,196966306.42012712
04221000,47638.549758550915,781.948,448.26596,630.1328,751799913.1081945
04224775,39404.82156524313,652.8858,213.06573,497.6641,232591408.94116184
04233000,18925.840022305823,589.88605,129.93272,370.3965,92628945.60536763
04256000,60045.44253001359,716.655,229.24196,494.24344,238284418.1340769
04296000,61123.240608712855,803.341,212.71136,381.68494,301129763.24451244
05056000,288572.8963900056,665.8179,418.7731,496.09644,5648207803.263471
05057000,414963.588703299,665.8179,389.5853,482.3302,8137004342.21527
05057200,113394.81194085466,526.599,400.4351,452.848,1900432390.3280132
05062500,168940.9928292812,611.5065,307.62137,426.55145,2435957430.0238433
05087500,112311.42849316318,376.39,246.87602,329.3477,720869218.6329422
05120500,100999.89078815725,698.69684,459.7044,507.06482,1728844447.737919
05123400,157445.57568211455,772.29803,438.03613,528.8471,3220716640.8592215
05129115,122551.93019507798,591.34045,356.7,427.96927,2373762514.1402225
05131500,286682.51861139946,573.43756,331.18546,408.10263,4344209415.737794
05291000,102687.12940619694,634.0341,298.02536,418.79892,1058838085.6184909
05362000,126423.33024868065,593.1123,333.2725,450.71478,1494342953.1097155
05393500,35341.26007105078,593.13354,440.42862,496.5527,225960513.29696345
05399500,62246.107498907164,461.54605,352.7251,416.93875,578582920.7371064
05408000,73104.46172433737,446.174,239.48703,355.60703,689802440.3382461
05412500,235977.35452587495,425.87918,196.73128,336.3892,4026251171.4675603
05413500,84679.68441486904,378.67212,185.01483,298.54993,710478085.2467761
05414000,52113.455726084125,366.23914,197.28308,305.93082,368719382.1180188
05444000,58372.65714256881,324.7624,188.20811,254.3219,377295140.67270786
05454000,18089.67287084092,267.37534,206.08954,241.6181,68408793.61375287
05458000,126033.64170282631,436.4,297.41068,364.79227,783465827.9920399
05466500,135157.0779890654,269.4885,163.09993,224.94652,1163879729.967826
05487980,109304.4410374272,365.56223,233.70578,301.02353,878092333.5264415
05488200,52536.3451084169,313.0224,223.81699,277.57938,234941972.8109421
05489000,90122.02690454494,317.37793,210.14784,276.29514,974946317.8967978
05495000,166250.7302079769,303.9221,152.55128,232.31738,1029878089.022937
05495500,58820.95082864511,241.2707,155.05782,200.65599,885746705.0687467
05501000,82490.11930999543,266.1888,143.89243,215.66527,929873556.269477
05503800,44197.49843862422,252.2457,199.30717,233.2968,212697885.28885248
05507600,37465.965824882165,240.84659,191.75162,228.34709,275865449.7391728
05508805,60964.211634080675,263.58176,148.18044,217.3949,536516240.225215
05514500,140599.8110113444,291.73798,137.67093,222.18007,2410554149.663811
05525500,64994.693138012735,277.4518,190.24525,217.31322,1158268950.4055731
05556500,92730.20007229554,304.62833,168.51498,247.71922,507096254.7325986
05584500,100272.15522701837,245.45377,118.20324,204.64737,1711928704.2222197
05585000,121660.81243023073,246.77449,118.20324,198.27142,3371452376.017846
05591550,25932.567726297126,235.1783,188.47472,209.92651,97124785.33955352
05592050,43460.412524243235,236.87549,166.50769,198.13493,260930694.94837874
05592575,23615.196555087467,191.87953,152.17053,179.77681,116331319.01960032
05593575,34536.85372470733,178.02882,128.77666,149.32826,220519778.38492706
05593900,32193.75959482476,236.55501,175.996,203.05157,145689204.495281
05595730,38174.052158568105,183.08392,126.85053,154.70578,233333221.86196047
06037500,80750.6862300598,2874.4382,2018.3794,2408.523,1127597101.3008573
06043500,108290.2199263554,3436.0298,1575.6685,2404.7573,2120495652.4577463
06154410,14127.490568163095,1734.6553,1077.111,1338.6871,47721406.03892043
06188000,83571.36563993654,3430.497,1824.16,2540.897,1730656312.8763762
06191500,174979.57847363563,3700.4717,1545.3127,2542.0627,6808407838.32291
06221400,41943.91560944843,4202.469,1976.03,3200.816,231933497.02622294
06224000,55661.69955515655,4179.682,1791.4913,3131.8386,485697761.55376345
06278300,16278.565870101285,3510.8926,2748.1592,3053.5085,59234393.79179077
06280300,60028.468424347855,3796.6953,1886.9905,2896.1611,793864363.552946
06289000,44703.67220791233,3059.7844,1310.4341,2398.6877,472405198.80507994
06291500,41902.94140256369,2986.0242,1257.3544,1931.2538,220722099.25165907
06311000,20218.058074717195,3177.836,2484.563,2739.645,62961044.79058482
06332515,36637.85716312026,860.78125,594.51715,708.23315,191549623.620797
06339100,80541.17236709985,940.01697,660.1612,755.4134,529572045.8527827
06339500,204701.09946258404,940.01697,566.93225,690.51404,3161892034.102169
06344600,51748.226872424035,882.35803,762.1971,809.92773,408922822.9516121
06350000,153863.132328178,1057.2065,739.61096,824.04175,1506216952.8183966
06352000,159504.01742785404,1064.9496,754.67456,846.89417,1443162096.4543924
06353000,380523.5495282584,1064.9496,571.9823,776.0431,4605313849.687672
06354000,502319.150841443,1064.9496,512.2852,746.008,10626920582.67896
06360500,621450.4067535108,1221.9404,-0.039608303,799.5564,12601713683.852285
06404000,31454.545008538425,2182.5298,1158.4677,1526.5558,151874850.61216316
06406000,55165.26741744781,2182.5298,996.42816,1386.6063,437529658.13508475
06408700,12357.039217607167,2173.8176,1781.6205,2015.088,27479069.9964012
06409000,22772.22701017441,2181.9463,1800.72,2030.1638,209411664.2104303
06431500,62170.24679611747,2172.1985,1105.726,1798.0906,427986018.3073233
06440200,81102.805231182,989.11633,686.77454,782.12384,654710995.3200232
06441500,353867.77998472605,989.11633,437.91162,673.88885,8143181401.297303
06447000,527455.8172306307,1511.8701,647.94403,988.30286,12869750923.42402
06447500,119437.52969411909,1136.5701,930.7472,1032.292,793171114.3792989
06450500,307377.5963851242,1136.5701,582.7623,886.21075,4074525818.071951
06452000,870513.2957374646,1511.8701,416.80026,859.01135,25818333469.281796
06453600,243366.04558741942,747.0789,376.06552,593.3029,2104366216.45471
06464500,169719.906534864,906.30457,623.5367,762.56696,2924736413.9867873
06468170,185822.4440734462,702.22595,445.68167,511.91464,2833183059.455847
06468250,217978.05558962937,702.22595,438.80103,505.55707,3247823491.834398
06470800,87638.06993400454,462.5145,395.66684,432.3115,995670694.6749488
06477500,100212.36672220721,616.6353,395.3089,469.83972,1533658559.941348
06479215,42556.492186731084,629.46466,543.18616,578.83875,178100079.17885914
06479438,71279.17206181091,629.46466,527.431,567.7039,798700429.6605338
06601000,51000.24631630333,465.56958,329.54156,410.67505,453164275.1049344
06614800,4264.80575595026,3830.9536,3157.91,3425.542,4104876.834508825
06622700,23209.312209464828,3295.0164,2431.2148,2857.5728,101518661.63697986
06623800,27415.204612644167,3475.7798,2505.5642,2910.2158,188703080.82645622
06632400,33786.62001184918,3437.222,2372.902,2987.3127,165149356.35851565
06746095,4730.565560942675,3666.1802,3032.7617,3280.555,9257462.015441919
06784000,348029.43791734905,1019.5969,586.1509,786.49243,6386992443.41506
06803510,27642.451095544166,457.9066,337.8521,382.9732,118284275.45658441
06803530,42032.677426074166,470.54242,338.3335,388.87994,309728246.2592825
06814000,80184.93012434457,468.24146,316.52112,396.47894,717300680.0557259
06847900,198794.67888531697,1044.2418,709.8537,858.0683,1539193316.5289013
06853800,85022.44152194986,633.6106,490.3204,564.4479,597203051.6983535
06876700,97938.00392767685,573.35175,383.66006,447.55118,1054070900.6499145
06878000,87482.33291033028,487.9779,339.1925,401.51102,777889098.0341226
06879650,6452.221577389058,442.8393,328.12814,392.84674,12510931.164343452
06885500,62483.65460400851,467.86514,338.4391,399.0147,1075162227.922049
06888500,66879.56206441316,488.34146,291.97107,397.80765,842537822.4922746
06889200,76993.85053188358,428.5035,283.253,358.23892,406490069.41932905
06889500,104067.61763817255,428.5035,262.06476,339.91797,766042551.9222065
06892000,118078.89515614683,364.16943,246.67134,315.0512,1091617756.863089
06903400,76541.84852654768,354.2147,282.84268,321.50745,483007335.8291131
06906800,100037.74854960015,356.54282,199.52344,276.63272,1411989387.5713587
06910800,62896.19420077568,487.26852,321.05573,386.79797,444585640.2308
06911900,51173.32679188817,477.02744,309.50705,367.7719,291334075.21385527
06917000,83435.96585164567,368.03647,238.75992,299.80365,767518051.5647271
06918460,66618.16765018128,442.20233,266.88852,350.68915,650770739.4481969
06919500,110488.01105475245,361.56537,225.94678,289.28308,1069871681.0178232
06921070,98163.12050373146,467.89282,264.35056,360.41266,716892644.3164511
06921200,37631.58027731214,403.34802,268.54086,328.89337,328765054.5705195
06934000,387660.6630817269,533.14246,170.1,350.8977,8267666890.942103
07014500,223800.75585441905,450.92667,177.82147,320.401,3851251987.0519757
07056000,165867.0728188144,785.3333,171.61,447.09024,2147770009.9056573
07057500,100704.32913140918,495.78946,177.29309,327.21115,1456487957.2554588
07060710,28636.092094484433,418.6265,130.71379,289.29617,152359058.56562173
07066000,100384.99928588975,491.61224,188.36833,338.1319,1050678734.6969289
07067000,187007.54903344554,491.61224,134.71367,319.37067,4343290827.306153
07068000,248490.11055403505,491.61224,99.23274,298.05225,5313034074.8958645
07071500,142624.73983855228,465.59222,124.04535,290.50745,2030336752.5144663
07083000,22208.175708232695,4394.929,2878.8115,3589.6638,66281205.014521345
07142300,182338.37064698304,790.917,592.9394,674.8782,1923426867.6693156
07145700,66348.39389117238,459.8888,353.12277,401.66617,400651003.40088826
07148400,192046.9019223156,737.91956,391.28812,554.84174,2560532994.289279
07149000,175283.08511137436,719.79407,390.35178,553.97064,2263973233.9689503
07151500,194489.3893206509,607.62134,337.06265,463.9822,2111830134.0461695
07167500,46942.82713871847,507.5191,298.78464,380.60794,321129415.094572
07180500,33461.831442983625,470.38538,386.58688,435.6797,275783333.7012963
07184000,69841.92069433538,324.11554,250.20259,282.70905,514831965.1948167
07195800,11367.948061572706,441.5524,356.9784,405.21445,38576256.033880435
07196900,20014.502436052884,557.94336,301.092,407.53613,106547183.84976628
07197000,75741.19678734994,584.8869,214.01532,346.25763,807522994.2782189
07208500,33466.95178313997,3576.9946,2012.098,2889.5522,159695026.9255928
07226500,244335.15417930402,2546.5117,1160.1013,1635.898,5245941136.063428
07261000,96199.71351095753,363.85852,95.44073,222.7858,455950244.5595442
07263295,37010.206090014464,473.56937,118.60869,245.3918,119082364.19902296
07290650,106322.89479372228,170.43124,25.15,93.68095,1694646267.2089326
07291000,56426.24197527956,162.84126,64.93,124.15623,482235792.2280137
07292500,116528.75161967368,162.84126,29.28,108.26087,2076592762.4682605
07295000,50498.820589609,138.48824,30.206425,84.51188,466886368.90386117
07299670,70827.08447654042,592.1506,437.17468,499.3038,830727145.6561792
07301410,88501.88533093821,941.6459,671.9923,802.0879,773728541.0099471
07301500,361806.91688590206,1119.6483,510.96585,816.5162,6885130490.340426
07315200,54261.06539953211,361.66443,254.88843,301.22305,502713695.3777989
07315700,100271.10288178154,396.7926,225.69661,285.30536,1491436001.5222352
07335700,21481.489648087638,809.6947,271.21445,461.9933,104134717.275495
07340300,39550.48430047287,709.40674,214.02805,393.59735,252137707.09435663
07346045,99888.42182594434,188.95471,54.645645,98.47584,963180886.0318598
07359610,46352.633909150514,669.96906,175.86,293.8423,342439096.92724526
07362100,67991.09016116525,128.73383,30.96262,69.610146,996759724.4747009
07362587,21135.51882092108,571.07544,234.35469,347.54904,70918151.67913076
07373000,27282.459002114687,88.041245,24.643839,56.35702,134291299.8868142
07375000,49727.41630348571,98.53346,19.052347,60.04704,253301453.71091822
07376000,113411.06180330957,131.65048,5.204392,72.423485,649887974.9737347
08013000,104957.50615101538,142.23753,36.286835,75.96136,1300208328.4611745
08014500,94530.69225101842,135.69238,12.848269,60.78656,1325048664.7914662
08023080,37906.31070532602,125.78372,52.08734,84.34808,198911215.82327068
08025500,48075.584978507264,148.33804,44.42191,87.11251,382747787.2809421
08029500,66906.5710042921,184.45639,25.060352,91.57652,384221444.3773572
08050800,27878.442746260735,287.8724,191.99728,231.73251,109211420.34607066
08066200,42686.10574209002,135.40504,28.873554,78.617226,374880008.2943533
08066300,74676.37369522684,136.45634,18.56337,67.876526,390799343.44218516
08070000,84900.2167375525,153.46326,32.410007,88.87829,844717675.6870664
08070200,116737.68734830295,153.46326,12.773823,80.19682,1005996035.9825608
08079600,136651.0578360276,1136.1337,678.59644,943.0584,3512321613.363206
08082700,45817.30826417626,495.19635,412.1433,449.03452,276841201.2687391
08086212,98215.88815472215,665.62836,359.65085,483.51944,1590132113.879295
08086290,85035.23760850134,638.14923,363.32935,456.0303,733389140.6799252
08101000,129087.89982621561,541.7613,224.83653,380.47473,1184517255.5105603
08103900,20556.06457488859,437.00024,291.60266,370.61166,86263386.30322288
08104900,70135.23841472715,462.05685,201.07819,340.97437,347916596.1652237
08109700,71223.14261890153,229.86522,89.255165,141.05026,621677044.8115561
08150800,60337.016284369565,689.71136,375.67365,559.03754,562138640.7565694
08155200,53543.59934394254,457.6609,216.18842,335.12662,241487387.12163398
08158700,56356.22095502638,506.81662,264.82632,372.47165,321118606.7332258
08158810,13053.592680658383,378.54144,253.8377,319.1624,33737252.67874109
08164000,146678.2134738123,179.66556,7.4376907,76.721375,2120741369.6829178
08164300,70348.90915051197,178.75801,50.2123,102.47901,865390364.0980703
08164600,52079.48849123605,73.79239,7.8627934,40.38661,264075025.9466305
08165300,50709.17853241555,735.41425,545.31445,664.09235,439984511.06616575
08171300,135627.62043932112,619.11224,186.4794,399.7295,1073938413.634562
08175000,96069.72821711292,227.48836,56.494526,107.48553,1425296762.9061394
08176900,81501.50761724613,181.74312,32.633755,87.8848,925546424.4584161
08178880,93480.50605436492,713.10767,357.67575,554.89075,851573573.0333186
08189500,141728.57905928392,167.0717,0.4585662,69.220894,1816542926.0592504
08190000,118278.00334580576,737.58826,334.8948,586.9219,1923158746.3879817
08190500,117104.93034933275,736.0154,401.60062,612.97266,1800690067.7549376
08194200,82319.48554987,286.92343,90.18926,155.70068,1233463012.954885
08195000,86211.43941171255,735.7508,367.81268,600.52734,1009893606.2527264
08196000,62130.9566654943,724.51855,406.78836,562.858,344489513.91610926
08198500,104416.06269457185,713.5649,249.00174,491.50055,640768474.3221062
08200000,31691.439827382303,687.0872,357.17007,476.16864,249165469.34691322
08202700,68520.10841708379,692.30835,269.26648,425.7364,430697205.0859691
08267500,21848.057258274956,4008.1028,2306.7305,3163.2312,96835633.31408715
08269000,27981.3962067643,3990.5469,2253.7043,2923.375,163286628.7859299
08271000,18428.776778199543,3984.9434,2371.4385,3235.5132,46391579.89085516
08324000,75236.44377358154,3432.99,1714.9899,2588.271,1222218858.7824953
08377900,32713.721124765572,3644.1482,2408.3857,3142.5784,139086779.70465186
08378500,41666.250664756655,3990.3872,2289.0935,3073.7476,444995940.58126915
08380500,35471.658814991555,3554.3792,2073.487,2647.5474,199616834.07173622
09034900,9015.40426632138,4119.713,3016.5488,3545.152,21395740.24449806
09035800,9281.709879894173,3864.392,2724.932,3329.296,22912272.93306926
09035900,21095.13381084291,4002.6167,2717.0427,3342.1003,71669985.54845811
09047700,12016.421782351345,3783.1672,2802.2458,3299.1755,24371118.167965814
09065500,13457.499255809573,4054.8345,2616.0205,3385.1367,37808466.18695067
09066000,11912.941782529648,3862.3708,2783.5889,3256.7327,32629207.841750413
09066200,8276.110783847018,3964.406,2529.3936,3305.4412,16125058.977799807
09066300,9404.44140970933,3754.437,2474.683,3177.4548,15678192.564923763
09081600,52326.25327227032,4292.314,2064.5703,3092.0542,436885053.77700436
09107000,36224.46901305169,4136.5264,2844.9692,3329.474,331776129.3781441
09210500,54232.558549471454,3085.7124,2116.1262,2473.3235,398505190.219451
09223000,44876.83505213036,3026.5593,2269.574,2582.966,333859225.47926015
09306242,22161.655313756542,2640.633,1950.1443,2280.7112,87706077.90053855
09312600,25899.06963441211,3019.062,2201.4949,2503.8628,198564021.32476208
09352900,31243.629237414585,4260.837,2412.776,3460.0454,187746073.60111633
09378170,11845.875110425925,3451.0952,2175.0854,2624.528,21992416.460328177
09378630,10097.397589655891,3383.395,2154.6523,2581.897,11601052.79497901
09386900,27171.141686638435,2648.0054,2083.2915,2417.496,186228671.44621682
09404450,25107.28833313147,2591.074,1774.8538,2209.2698,195917153.39293736
09430500,197859.8444068301,3318.0237,1413.3156,2270.5144,4809569289.333876
09430600,29461.307901602813,3279.3215,1649.3485,2369.003,190679974.34398925
09447800,81003.42291950625,2244.35,1043.2162,1596.3348,777153608.9165632
09480000,36981.69079890599,1974.6161,1402.9438,1549.6654,269190494.5552266
09484000,26333.407787652643,2793.3008,804.3233,1834.8451,98652648.95087734
09484600,80159.60381084119,2856.8264,882.8416,1399.4436,1240149826.003826
09492400,32080.582000699,3481.9353,1822.0613,2571.7124,120272386.9237017
09494000,116377.03091726158,3481.9353,1324.984,2207.007,1628427246.593763
09497800,77007.67909473684,2308.2056,959.59924,1750.039,751787462.2989902
09497980,79469.40026938393,2357.5618,968.62146,1689.9357,516828107.41404045
09505200,54558.06204616965,2587.4995,1200.0067,1991.5409,287445903.08047473
09505350,59126.13788322539,2387.1992,1106.269,1875.8977,369897237.09824234
09505800,93532.8488273997,2594.3574,1097.859,2021.8258,624726939.9162513
09508300,34818.37866034709,2270.9019,660.63947,1472.4093,97861736.57477976
09510200,53252.25083929178,2171.1577,524.30457,1156.6787,428196015.5994945
09512280,33809.59902077579,1641.2877,681.71204,1144.9713,190657396.3309318
09513780,41471.12013263095,1786.2627,638.33185,1173.2091,190976368.76984367
10023000,29093.73326541974,2707.3655,1927.6747,2226.0085,147451920.8263906
10166430,73500.78192867516,3235.308,1278.5667,1612.8146,2534540861.6632695
10172700,19854.323869334698,2699.322,1570.9064,2022.9368,259824526.80223998
10172800,14160.291939586066,3351.3699,1353.5812,2184.2793,76513417.22119576
10173450,39058.81833215635,3444.9133,2216.783,2764.8137,281687494.3089581
10205030,25903.463137304716,3373.8484,2070.0962,2630.1504,150918456.03258133
10234500,33047.91294267291,3705.7935,1881.2716,2812.479,238369964.29412082
10242000,68541.92376333712,3446.7017,1571.4939,1940.7358,1903420062.174866
10244950,10167.506829162689,3332.206,2216.9236,2718.356,28924453.763395883
10249300,43363.71275298365,3590.4958,1678.7478,2054.3015,609005712.182578
10258000,18186.830281603434,3278.6533,120.56505,1371.0267,75712648.40206985
10258500,36263.041477584935,2454.4226,153.473,1139.4308,285405703.010828
10259000,14422.930571639905,2568.512,171.36299,1314.5948,23657333.04622746
10259200,27324.666043068322,2650.3518,61.657757,1161.2312,284580627.2607185
10263500,18966.107154766974,2861.4746,949.1128,1471.5792,310253624.70930225
10310500,18394.055434707483,2806.9854,1442.2892,1989.0985,47653431.491741985
10316500,20194.85379164318,3450.4875,1855.4036,2679.1208,90876998.12778518
10329500,45361.81084365422,2912.9246,1415.3372,1898.3663,513849286.1294935
10336645,17235.64699788214,2639.4573,1897.89,2180.987,20093374.60283145
10336660,12209.935800379575,2683.5945,1897.89,2191.1309,32456189.483916912
10336740,5577.8436389557255,2688.071,1899.8314,2361.4526,7941440.429614775
10343500,9168.085738014002,2656.4175,1929.3246,2163.9592,27336423.686398257
10348850,14918.453470666671,3283.0947,1638.5469,2496.173,22371716.903222412
10396000,59134.692017221896,2971.0598,1271.8159,1817.7517,969593208.5101597
11098000,22287.935399400667,1878.6178,397.4214,1094.484,46668994.025271855
11124500,36898.847331446406,2003.2313,234.5421,1019.3736,192514332.25613424
11141280,22939.107811483133,873.9616,161.63962,547.35596,56054045.70392849
11143000,28165.73412063003,1508.6394,73.20915,780.74426,121320306.70634042
11148900,58153.213754465236,1142.9222,250.58356,549.55524,386018563.6755797
11151300,78075.57864354664,1358.5974,131.75542,609.54315,648422798.2080094
11162500,32056.057563241076,843.99927,23.941074,346.33365,119203793.51904452
11176400,57588.551753596534,1244.2505,229.28929,755.6232,336784605.5372972
11180500,11996.878929175355,536.43964,5.736007,255.99026,27026070.800464123
11180960,12432.239261291994,614.5627,78.726326,262.83228,17993865.83257785
11224500,36401.316409074134,1511.2256,307.5725,788.98663,325246515.0103275
11230500,27068.577899167656,4165.864,2239.9922,3230.4343,142192709.36716384
11237500,17841.635547577833,3007.6116,1472.8403,2395.7476,65206557.24171188
11253310,33654.670574226955,1554.8174,175.30937,661.6996,235923605.45204115
11264500,43341.972662894004,3982.7666,1209.949,2737.8022,472300806.27695584
11266500,58035.976479975354,3982.7666,1173.6586,2574.3413,836160191.3419768
11274500,56534.87212850125,1158.2444,40.692253,437.2916,530175162.59233195
11274630,43805.57818367239,1117.3083,40.68206,541.2479,284394252.03812236
11284400,13544.825132901373,1208.6536,783.91895,960.61597,41704651.1598124
11299600,12606.768514138566,703.5556,226.24666,430.0625,41116595.693790615
11381500,94493.6651704914,3135.6921,113.12202,1204.8843,341300057.3978454
11383500,101412.10351797495,2394.9988,91.770935,1175.6174,634091693.7713434
11451100,30818.003037701175,1809.3531,465.84222,911.39374,155473090.58867848
11468500,49455.26781899716,977.1311,4.455991,280.80484,273605206.6639422
11473900,117386.17651301013,2308.1726,276.5278,1124.1793,1930431521.5160255
11475560,10034.207399094941,1288.3561,417.809,847.91235,16873058.765243493
11476600,17182.504866235664,1028.263,81.85554,469.68594,72285475.6067097
11478500,88239.87920648039,1796.6266,107.33223,920.62787,574986301.9484376
11480390,40360.402904344446,1835.5657,819.6793,1128.305,243154922.95379698
11481200,28108.85980202796,1029.0826,5.019299,330.6062,106843130.87920721
11482500,105734.06988939294,1623.8661,1.7247977,553.416,724000765.408549
11522500,99891.75098924448,2710.4055,144.12201,1297.7024,1946340220.5426495
11523200,40484.65600275292,2749.7322,767.8648,1621.9363,385084964.3993645
11528700,101867.01966769081,2386.5266,367.37943,1121.9766,1982576064.1331556
11532500,73024.5309537127,1919.68,25.180748,766.3751,1590193436.7992413
12010000,37347.1662298804,818.9723,9.241528,283.1853,142608843.3191472
12013500,52374.57663063025,858.1959,0.0,208.65994,340707579.8365168
12020000,49763.3515632328,948.873,88.53521,389.30634,296750603.18272567
12025000,73628.50220039488,1165.2529,48.537296,291.35245,410930510.72427475
12025700,23814.954727504166,1166.7246,185.85254,603.9872,105486242.71376522
12035000,83260.63964102534,1213.6072,8.696852,222.89453,768998086.7185785
12040500,95981.8923029505,2226.1611,0.0,459.11777,1155729793.3844316
12041200,94015.90750850803,2431.822,43.77554,734.8351,662486950.8341863
12043000,57310.068478161076,1152.8318,41.729805,439.54068,348410951.01782197
12048000,42259.88211761575,2370.7566,161.55235,1260.7308,408235122.5523284
12054000,44916.881462633304,2069.192,20.605032,1045.034,178974058.70157403
12056500,24512.605635491702,1957.4001,230.79753,988.8469,147555022.90105036
12073500,11423.317805960069,163.51611,23.30143,105.20321,15820025.455467237
12082500,49992.60912541138,4382.955,418.3967,1160.0338,360086034.3854144
12092000,35595.68245042587,4384.0283,494.00656,1413.1388,241135916.03007248
12095000,43476.67899939719,1801.7938,89.774994,617.7846,233357584.48563382
12114500,15839.121826309567,1650.6787,573.5116,1071.088,66572119.11843414
12115000,26551.010435593278,1650.6787,477.01294,996.4625,111009028.96417972
12115500,15021.689767094305,1438.6836,478.0988,932.6754,43342558.710835986
12117000,16706.007708599547,1248.5964,236.55063,693.54865,45219775.668847844
12141300,56703.871178583235,2312.292,235.24968,1034.0469,404085668.3047614
12143600,42546.971647854836,1903.9113,176.17712,964.7163,165049500.29794112
12144000,53716.79110179004,1903.9113,129.70631,819.35767,212770428.91584614
12145500,26381.724654150617,1069.0887,26.481367,443.682,83890141.94355386
12147500,30086.528693824483,1820.8738,182.41537,783.606,105381359.36147596
12147600,10006.095309092676,1651.2382,542.8139,1006.84717,16065748.401922677
12167000,84189.65638163932,2087.2244,27.974598,648.9916,691887150.9102722
12175500,33768.97193468126,2770.6475,372.77835,1569.0317,274053116.64019984
12178100,15405.454181719342,2472.5894,146.19452,1273.2814,72597939.64739336
12186000,47675.441646635045,2388.9683,277.92148,1174.6293,398640851.1545508
12189500,107474.37505635992,3213.1296,78.48333,1146.0762,1858616602.2423801
12358500,174878.26271558212,3083.0112,952.53,1719.4614,2917032637.759431
12374250,16396.852158710906,2154.9126,908.1078,1414.4966,53297682.10547776
12375900,13207.5141905151,2630.086,1003.9485,1903.3828,19727977.055512052
12377150,12282.336279518855,2870.2605,1044.7821,2141.0366,32390025.59559101
12381400,31741.34378681767,2502.045,1208.4688,1844.7903,148952981.53509375
12383500,10797.052489886311,2443.971,1131.0463,1906.2341,17699419.080169808
12388400,15242.565705677276,2326.603,777.8474,1572.6143,76557593.61244236
12390700,46824.065446634,2062.1233,712.178,1351.6292,469739652.1110565
12411000,78076.45212223272,1894.3849,756.0897,1202.7021,866117412.2187479
12414500,171196.598115832,2329.0967,662.38763,1384.5453,2660416642.4307284
12447390,14718.955342323621,2623.003,1309.9252,1933.4591,58399959.96245466
12451000,54001.860418765646,2871.6335,342.0209,1534.2609,830332548.1735262
12488500,43891.98136923467,2116.2937,838.8203,1462.4948,206113131.35892788
13011500,59604.25047284221,3072.6104,2050.2224,2469.84,405212074.46328557
13011900,82401.49711167278,3457.4658,2065.9426,2733.1697,848012075.5207962
13018300,11862.667410629958,3136.2195,2035.58,2507.4846,29472276.578670472
13023000,99495.75273139247,3464.6084,1726.7977,2469.6353,1163740536.7402847
13083000,29852.43703071518,2404.305,1452.7896,1982.307,181854874.05126533
13161500,91270.91799023344,3018.2363,1485.8273,2042.6998,990359059.7097377
13235000,90726.07760504799,3253.9236,1146.551,2078.4197,1158490566.1012528
13240000,22827.776252605367,2751.4963,1562.1404,2109.6638,126017813.31431177
13310700,79103.3060342869,2786.7737,1136.2394,1943.5173,854760064.0525877
13313000,58623.87478589599,2792.947,1424.1803,2174.741,564967416.9150214
13331500,84057.97965418223,2786.6887,771.04333,1735.3678,619121265.4306654
13337000,183286.08371593757,2680.7705,445.1752,1584.559,3052709196.5801167
13338500,154103.68945681574,2714.3308,401.3237,1384.765,3025699345.1562023
13340000,279838.5101494397,2838.716,302.25137,1443.208,14271003461.165634
13340600,172765.9172340069,2415.379,509.48312,1442.751,3354673063.156779
14020000,38250.25393246812,1679.6415,561.5657,1205.5173,343466594.71501184
14092750,25222.70974758004,2122.4883,999.6712,1448.7948,64915926.939062804
14096850,43550.890457481924,1702.3458,658.8006,938.9503,384273814.5204103
14137000,75417.07034961402,3395.8088,214.24371,1004.5769,676454435.615838
14138800,8504.910269099346,1339.5952,698.0069,1000.61896,21833923.6122848
14138870,10752.669155860462,1290.3901,320.02203,866.88257,15341457.351629997
14138900,11405.415229905751,1199.9451,311.8203,838.16437,21990621.04280638
14139800,21361.882574719923,1283.2916,263.45963,794.1398,41212859.35794492
14141500,29310.908417473936,1289.468,209.60223,721.7107,60329982.66426668
14154500,44077.66411530853,1821.2119,255.66899,858.8361,549572213.7081451
14158500,22674.290303538237,1774.4801,798.5882,1189.4767,122904136.6414301
14158790,12051.85608713705,1754.3904,793.67,1214.5181,40764839.56498627
14166500,37128.02463168568,638.5816,119.26465,251.93619,238138959.91604355
14182500,58833.28556272756,1691.6448,188.543,805.6259,292898694.2556192
14185000,44340.596262330815,1653.7117,235.74887,895.96234,449692675.7831657
14185900,40792.784256684674,1518.1937,315.5988,917.75415,258384795.58529335
14187000,27433.6502115829,1373.5242,202.24638,726.1441,137760103.4241957
14216500,38753.55159008626,2464.6619,316.27,918.7196,349921521.448448
14222500,46481.687795058315,1348.3761,102.46482,566.1342,329056740.05566627
14236200,49949.59616867559,1427.9552,177.27203,668.8112,364503947.5141366
14301000,192619.65428588956,1122.2782,11.933559,357.61307,1745240653.0455945
14303200,6303.506430468574,863.4057,411.07843,634.7588,8074833.493001153
14305500,67702.26793337,1082.6912,32.991417,398.20255,526420483.8481134
14306340,8109.277508506056,1044.4167,181.3464,551.70667,14756021.153733958
14306500,84413.03167542655,1250.1643,6.8041286,317.84662,860651912.2196482
14308990,30294.39222581704,1555.2559,569.96625,915.99133,171308000.6983049
14309500,42057.8648063391,1313.1407,303.3045,735.3413,226312091.3322368
14316700,42674.88856827795,1822.8885,343.45612,944.1367,588021554.7628309
14325000,66104.93274788976,1244.2417,58.291073,646.2256,444921972.0445954
14362250,15354.05673988468,1523.843,474.88065,961.629,43878111.94760983
14400000,82306.08865151957,1547.3452,13.6643715,663.9771,703388339.60212
